priority_rank,district,province,population_2022,urban_share_pct,poverty_2024,poverty_2017_modelled,poverty_drop_pp,poor_people,banked,other_formal_only,informal_only,excluded,not_formally_served,unbanked,progress_lag,priority_index,top5_robustness_pct,typology,typology_note,n_poverty_2024,n_poor_people,n_not_formally_served,n_unbanked,n_progress_lag
1,Gisagara,Southern,397051,3.4,45.6,59.5,13.9,181055,10,77,9,4,13,90,7.4,74.0,81.1,Poor and under-served,High poverty and many adults outside formal finance,0.87,0.7321,0.7059,0.9286,0.37
2,Rusizi,Western,485529,33.4,44.2,59.0,14.8,214604,22,68,5,6,11,78,6.5,70.9,37.6,Poor and under-served,High poverty and many adults outside formal finance,0.8386,0.8899,0.5882,0.7143,0.325
3,Nyanza,Southern,365718,9.2,43.3,46.9,3.6,158356,17,74,4,4,8,83,17.7,70.7,54.1,Stalled progress,Poverty fell far less since 2017 than in the rest of the country,0.8184,0.6253,0.4118,0.8036,0.885
4,Nyamasheke,Western,434221,7.7,42.8,53.6,10.8,185847,13,78,3,6,9,87,10.5,69.4,56.4,Poor and under-served,High poverty and many adults outside formal finance,0.8072,0.7546,0.4706,0.875,0.525
5,Nyamagabe,Southern,371501,10.9,51.4,67.6,16.2,190952,11,84,4,1,5,89,5.1,68.2,28.1,Poor and under-served,High poverty and many adults outside formal finance,1.0,0.7786,0.2353,0.9107,0.255
6,Nyaruguru,Southern,318126,2.4,39.7,52.6,12.9,126296,6,78,5,10,15,94,8.4,68.1,55.4,Poor and under-served,High poverty and many adults outside formal finance,0.7377,0.4744,0.8235,1.0,0.42
7,Ngoma,Eastern,404048,9.2,30.9,34.0,3.1,124851,9,77,6,8,14,91,18.2,66.7,64.1,Stalled progress,Poverty fell far less since 2017 than in the rest of the country,0.5404,0.4676,0.7647,0.9464,0.91
8,Rubavu,Western,546683,53.9,38.8,49.2,10.4,212113,22,71,4,3,7,78,10.9,65.1,19.3,Poor and under-served,High poverty and many adults outside formal finance,0.7175,0.8782,0.3529,0.7143,0.545
8,Nyagatare,Eastern,653861,24.1,36.4,48.6,12.2,238005,17,77,4,3,7,83,9.1,65.1,28.8,Poor and under-served,High poverty and many adults outside formal finance,0.6637,1.0,0.3529,0.8036,0.455
8,Kayonza,Eastern,457156,14.2,36.6,51.0,14.4,167319,11,76,8,5,13,89,6.9,65.1,25.7,Poor and under-served,High poverty and many adults outside formal finance,0.6682,0.6674,0.7059,0.9107,0.345
11,Rutsiro,Western,369180,5.6,40.8,59.9,19.1,150625,9,78,6,6,12,91,2.2,62.5,7.9,Poor and under-served,High poverty and many adults outside formal finance,0.7623,0.5889,0.6471,0.9464,0.11
12,Kamonyi,Southern,450849,31.6,39.7,53.0,13.3,178987,16,76,4,3,7,84,8.0,61.5,0.0,Poor and under-served,High poverty and many adults outside formal finance,0.7377,0.7223,0.3529,0.8214,0.4
13,Karongi,Western,373869,9.0,38.2,53.0,14.8,142818,8,83,6,3,9,92,6.5,59.6,1.5,Poor and under-served,High poverty and many adults outside formal finance,0.704,0.5522,0.4706,0.9643,0.325
14,Ngororero,Western,367955,4.9,30.2,44.4,14.2,111122,10,78,5,7,12,90,7.1,54.0,0.0,Poor and under-served,High poverty and many adults outside formal finance,0.5247,0.403,0.6471,0.9286,0.355
15,Gakenke,Northern,365292,4.0,24.5,36.7,12.2,89497,18,69,5,8,13,82,9.1,48.7,0.2,"Lower poverty, finance gaps","Below-average poverty, but pockets of informal-only or excluded adults",0.3969,0.3013,0.7059,0.7857,0.455
16,Huye,Southern,381900,20.9,24.2,39.4,15.2,92420,15,73,6,6,12,85,6.1,45.9,0.0,"Lower poverty, finance gaps","Below-average poverty, but pockets of informal-only or excluded adults",0.3901,0.3151,0.6471,0.8393,0.305
17,Gicumbi,Northern,448824,6.3,13.3,24.6,11.3,59694,8,75,11,7,18,92,10.0,45.5,20.8,"Lower poverty, finance gaps","Below-average poverty, but pockets of informal-only or excluded adults",0.1457,0.1611,1.0,0.9643,0.5
18,Rwamagana,Eastern,484953,37.1,23.8,29.6,5.8,115419,27,68,3,2,5,73,15.5,44.4,4.2,Stalled progress,Poverty fell far less since 2017 than in the rest of the country,0.3812,0.4233,0.2353,0.625,0.775
19,Rulindo,Northern,360144,10.6,21.6,35.2,13.6,77791,13,74,4,8,12,87,7.7,44.0,0.0,"Lower poverty, finance gaps","Below-average poverty, but pockets of informal-only or excluded adults",0.3318,0.2462,0.6471,0.875,0.385
20,Burera,Northern,387729,9.9,22.0,25.5,3.5,85300,11,87,2,1,3,89,17.8,42.4,11.6,Stalled progress,Poverty fell far less since 2017 than in the rest of the country,0.3408,0.2816,0.1176,0.9107,0.89
21,Bugesera,Eastern,551103,40.1,23.7,40.8,17.1,130611,23,71,5,2,7,77,4.2,40.3,0.0,"Lower poverty, finance gaps","Below-average poverty, but pockets of informal-only or excluded adults",0.3789,0.4947,0.3529,0.6964,0.21
22,Nyabihu,Western,319047,24.5,20.2,39.6,19.4,64447,13,74,5,8,13,87,1.9,38.5,0.0,"Lower poverty, finance gaps","Below-average poverty, but pockets of informal-only or excluded adults",0.3004,0.1835,0.7059,0.875,0.095
23,Kirehe,Eastern,460860,6.3,14.2,26.0,11.8,65442,7,86,5,3,8,93,9.5,34.8,0.2,"Lower poverty, finance gaps","Below-average poverty, but pockets of informal-only or excluded adults",0.1659,0.1881,0.4118,0.9821,0.475
24,Ruhango,Southern,359121,10.9,15.0,26.2,11.2,53868,22,70,5,3,8,78,10.1,32.1,0.0,"Lower poverty, finance gaps","Below-average poverty, but pockets of informal-only or excluded adults",0.1839,0.1337,0.4118,0.7143,0.505
25,Musanze,Northern,476522,49.2,21.0,42.3,21.3,100070,24,71,5,1,6,76,0.0,30.8,0.0,"Lower poverty, finance gaps","Below-average poverty, but pockets of informal-only or excluded adults",0.3184,0.351,0.2941,0.6786,0.0
26,Gatsibo,Eastern,551164,10.0,18.4,38.0,19.6,101414,23,73,3,1,4,77,1.7,28.0,0.0,"Lower poverty, finance gaps","Below-average poverty, but pockets of informal-only or excluded adults",0.2601,0.3574,0.1765,0.6964,0.085
27,Muhanga,Southern,358433,24.3,15.0,33.2,18.2,53765,17,76,5,2,7,83,3.1,26.5,0.0,"Lower poverty, finance gaps","Below-average poverty, but pockets of informal-only or excluded adults",0.1839,0.1332,0.3529,0.8036,0.155
28,Gasabo,City of Kigali,879505,81.2,11.1,18.1,7.0,97625,51,46,2,1,3,49,14.3,25.2,0.0,Banked urban core,"Low poverty, bank-led inclusion",0.0964,0.3395,0.1176,0.1964,0.715
29,Kicukiro,City of Kigali,491731,99.1,6.9,8.2,1.3,33929,62,35,2,2,4,38,20.0,19.4,3.0,Banked urban core,"Low poverty, bank-led inclusion",0.0022,0.0399,0.1765,0.0,1.0
30,Nyarugenge,City of Kigali,374319,84.4,6.8,11.6,4.8,25454,59,40,0,1,1,41,16.5,12.9,0.0,Banked urban core,"Low poverty, bank-led inclusion",0.0,0.0,0.0,0.0536,0.825
