district,rank,rank_low_90,rank_high_90,rank_median,top5_chance_pct
Gisagara,1,1,9,2,81.0
Rusizi,2,1,11,4,64.5
Nyanza,3,1,12,5,53.4
Nyamasheke,4,1,12,5,52.8
Nyamagabe,5,1,12,6,49.2
Nyaruguru,6,1,12,6,47.2
Ngoma,7,2,13,8,28.1
Nyagatare,8,2,13,8,28.9
Kayonza,9,2,14,8,29.6
Rubavu,10,2,14,9,25.6
Rutsiro,11,3,14,9,19.6
Kamonyi,12,3,14,10,11.8
Karongi,13,5,15,11,7.5
Ngororero,14,9,18,14,0.8
Gakenke,15,12,21,16,0.0
Huye,16,13,22,17,0.0
Gicumbi,17,14,22,18,0.0
Rwamagana,18,14,23,19,0.0
Rulindo,19,14,23,18,0.0
Burera,20,16,24,20,0.0
Bugesera,21,15,25,20,0.0
Nyabihu,22,16,25,21,0.0
Kirehe,23,19,26,23,0.0
Ruhango,24,21,27,25,0.0
Musanze,25,20,27,24,0.0
Gatsibo,26,22,28,26,0.0
Muhanga,27,23,28,26,0.0
Gasabo,28,24,29,28,0.0
Kicukiro,29,28,30,29,0.0
Nyarugenge,30,29,30,30,0.0
