district,province,population_2022,urban_share_pct
Nyarugenge,City of Kigali,374319,84.4
Gasabo,City of Kigali,879505,81.2
Kicukiro,City of Kigali,491731,99.1
Nyanza,Southern,365718,9.2
Gisagara,Southern,397051,3.4
Nyaruguru,Southern,318126,2.4
Huye,Southern,381900,20.9
Nyamagabe,Southern,371501,10.9
Ruhango,Southern,359121,10.9
Muhanga,Southern,358433,24.3
Kamonyi,Southern,450849,31.6
Karongi,Western,373869,9.0
Rutsiro,Western,369180,5.6
Rubavu,Western,546683,53.9
Nyabihu,Western,319047,24.5
Ngororero,Western,367955,4.9
Rusizi,Western,485529,33.4
Nyamasheke,Western,434221,7.7
Rulindo,Northern,360144,10.6
Gakenke,Northern,365292,4.0
Musanze,Northern,476522,49.2
Burera,Northern,387729,9.9
Gicumbi,Northern,448824,6.3
Rwamagana,Eastern,484953,37.1
Nyagatare,Eastern,653861,24.1
Gatsibo,Eastern,551164,10.0
Kayonza,Eastern,457156,14.2
Kirehe,Eastern,460860,6.3
Ngoma,Eastern,404048,9.2
Bugesera,Eastern,551103,40.1
