district,poverty_2024,poverty_2017_modelled
Nyamagabe,51.4,67.6
Gisagara,45.6,59.5
Rusizi,44.2,59.0
Nyanza,43.3,46.9
Nyamasheke,42.8,53.6
Rutsiro,40.8,59.9
Nyaruguru,39.7,52.6
Kamonyi,39.7,53.0
Rubavu,38.8,49.2
Karongi,38.2,53.0
Kayonza,36.6,51.0
Nyagatare,36.4,48.6
Ngoma,30.9,34.0
Ngororero,30.2,44.4
Gakenke,24.5,36.7
Huye,24.2,39.4
Rwamagana,23.8,29.6
Bugesera,23.7,40.8
Burera,22.0,25.5
Rulindo,21.6,35.2
Musanze,21.0,42.3
Nyabihu,20.2,39.6
Gatsibo,18.4,38.0
Ruhango,15.0,26.2
Muhanga,15.0,33.2
Kirehe,14.2,26.0
Gicumbi,13.3,24.6
Gasabo,11.1,18.1
Kicukiro,6.9,8.2
Nyarugenge,6.8,11.6
