district,banked,other_formal_only,informal_only,excluded
Burera,11,87,2,1
Nyarugenge,59,40,0,1
Nyamagabe,11,84,4,1
Gatsibo,23,73,3,1
Musanze,24,71,5,1
Gasabo,51,46,2,1
Bugesera,23,71,5,2
Kicukiro,62,35,2,2
Muhanga,17,76,5,2
Rwamagana,27,68,3,2
Nyagatare,17,77,4,3
Ruhango,22,70,5,3
Kamonyi,16,76,4,3
Kirehe,7,86,5,3
Karongi,8,83,6,3
Rubavu,22,71,4,3
Gisagara,10,77,9,4
Nyanza,17,74,4,4
Kayonza,11,76,8,5
Huye,15,73,6,6
Nyamasheke,13,78,3,6
Rusizi,22,68,5,6
Rutsiro,9,78,6,6
Gicumbi,8,75,11,7
Ngororero,10,78,5,7
Gakenke,18,69,5,8
Nyabihu,13,74,5,8
Rulindo,13,74,4,8
Ngoma,9,77,6,8
Nyaruguru,6,78,5,10
